chain,resnum,resname,avg_bfactor_f2,instability_f3
A,1,MET,,Oxidation-prone
A,2,LYS,99.23,Protease site
A,6,LEU,,Hydrophobic patch
A,10,ILE,,Hydrophobic patch
A,13,TYR,,Hydrophobic patch
A,17,ILE,100.33,Hydrophobic patch
A,18,LEU,101.93,
A,19,LYS,105.3,Protease site
A,20,GLU,107.32,
A,21,GLU,105.33,
A,25,GLU,102.37,
A,26,LEU,103.68,Hydrophobic patch
A,27,PHE,109.2,Hydrophobic patch
A,28,PRO,106.8,
A,29,PRO,104.73,
A,30,GLN,99.3,Deamidation hotspot
A,41,LYS,,Protease site
A,67,LYS,,Protease site
A,76,PRO,,
A,77,LEU,,
A,78,ARG,,
A,79,ALA,,
A,93,LYS,,Protease site
A,102,THR,,
A,103,GLY,,
A,104,ASP,,
A,105,TYR,,Hydrophobic patch
A,106,GLU,,
A,108,ARG,,
A,121,THR,,
A,123,GLU,,
A,124,LYS,,
A,127,SER,,
A,131,ASN,,
A,137,LYS,,Protease site
A,154,LYS,,
A,155,ARG,,
A,171,LYS,,Protease site
A,196,TYR,,Hydrophobic patch
A,223,PHE,,Hydrophobic patch
A,230,LYS,,Protease site
A,250,SER,,
A,251,THR,,
A,252,ARG,,
A,253,ARG,,
A,261,LYS,,Protease site
A,268,LYS,,Protease site
A,269,TYR,,Hydrophobic patch
A,277,LYS,,Protease site
A,281,GLU,,
A,282,GLU,,
A,290,LYS,,Protease site
A,297,LYS,,Protease site
A,303,HIS,,
A,304,ALA,,
A,305,GLY,,
A,308,ASN,,Deamidation hotspot
A,311,ARG,,
A,329,THR,,
A,330,PRO,,
A,331,THR,,
A,337,ASN,,Deamidation hotspot
A,350,ARG,,
A,351,PHE,,
A,352,ASP,,
A,356,LYS,,Protease site
A,359,LYS,,Protease site
A,375,MET,,Oxidation-prone
A,384,ILE,,Hydrophobic patch
A,387,LYS,,Protease site
A,392,ILE,,Hydrophobic patch
A,395,LYS,,Protease site
A,429,LYS,,Protease site
A,445,LYS,,Protease site
A,447,ASN,,Deamidation hotspot
A,449,ILE,,Hydrophobic patch
A,453,TYR,,Hydrophobic patch
A,461,GLN,,Deamidation hotspot
A,464,ASN,,Deamidation hotspot
A,478,LYS,,Protease site
A,485,ARG,,
A,486,LEU,,
A,487,TYR,,
A,491,LEU,,Hydrophobic patch
A,519,ASP,,
A,521,GLU,,
A,524,THR,,
A,525,VAL,,
A,526,ARG,,
A,527,LYS,,
A,537,PHE,,Hydrophobic patch
A,541,LYS,,Protease site
A,546,TYR,,Hydrophobic patch
A,550,PHE,,Hydrophobic patch
A,556,TRP,,Hydrophobic patch
A,591,ARG,,
A,592,ARG,,
A,595,GLU,,
A,596,THR,,
A,598,GLU,,
A,599,TRP,,
A,602,ASN,,
A,606,ARG,,
A,620,THR,,
A,624,LYS,,Protease site
A,625,HIS,,
A,628,LYS,,Protease site
A,635,VAL,,
A,637,ILE,,
A,638,ARG,,
A,639,HIS,,
A,640,ILE,,
A,641,GLY,,
A,642,ARG,,
A,643,VAL,,
A,644,ARG,,
A,645,ALA,,
A,647,LYS,,Protease site
A,650,ASN,,Deamidation hotspot
A,665,LYS,,Protease site
A,669,LEU,,Hydrophobic patch
A,674,ILE,,Hydrophobic patch
A,685,LYS,100.45,Protease site
A,686,SER,104.3,
Y,13,DA,,
Y,14,DG,,
Y,15,DA,,
Y,16,DG,,
Y,17,DA,,
Y,18,DC,,
Y,19,DT,,
Y,20,DA,,
Y,21,DT,,
Y,22,DC,,
Y,23,DG,,
Y,24,DA,,
Y,25,DT,,
