chain,resnum,resname,avg_bfactor_f2,source_file_x,instability_f3,mutate to..._f3,source_file_y,source_file
A,1,N,115.56,flexible_residues.csv,,,,
A,2,T,107.74,flexible_residues.csv,,,,
A,16,S,102.45,flexible_residues.csv,,,,
A,17,C,105.42,flexible_residues.csv,,,,
A,18,P,114.49,flexible_residues.csv,,,,
A,19,Y,113.57,flexible_residues.csv,,,,
A,20,D,123.48,flexible_residues.csv,,,,
A,21,S,123.33,flexible_residues.csv,,,,
A,22,M,130.38,flexible_residues.csv,,,,
A,23,K,121.84,flexible_residues.csv,,,,
A,24,H,116.28,flexible_residues.csv,,,,
A,25,W,119.04,flexible_residues.csv,,,,
A,26,G,114.43,flexible_residues.csv,,,,
A,27,R,110.71,flexible_residues.csv,,,,
A,28,R,111.79,flexible_residues.csv,,,,
A,29,K,103.56,flexible_residues.csv,,,,
A,30,A,101.99,flexible_residues.csv,,,,
A,38,K,100.39,flexible_residues.csv,,,,
A,39,G,100.02,flexible_residues.csv,,,,
A,40,P,101.16,flexible_residues.csv,,,,
A,46,S,105.19,flexible_residues.csv,,,,
A,47,T,106.61,flexible_residues.csv,,,,
A,48,H,103.29,flexible_residues.csv,,,,
A,49,N,111.57,flexible_residues.csv,,,,
A,50,L,117.76,flexible_residues.csv,,,,
A,51,W,117.51,flexible_residues.csv,,,,
A,52,L,113.4,flexible_residues.csv,,,,
A,53,L,109.19,flexible_residues.csv,,,,
A,54,S,110.75,flexible_residues.csv,,,,
A,55,F,112.41,flexible_residues.csv,,,,
A,56,L,108.9,flexible_residues.csv,,,,
A,57,R,102.82,flexible_residues.csv,,,,
A,65,I,103.37,flexible_residues.csv,,,,
A,66,T,104.64,flexible_residues.csv,,,,
A,67,D,111.32,flexible_residues.csv,,,,
A,68,D,119.93,flexible_residues.csv,,,,
A,69,T,116.11,flexible_residues.csv,,,,
A,70,L,125.62,flexible_residues.csv,,,,
A,71,G,121.94,flexible_residues.csv,,,,
A,72,G,119.48,flexible_residues.csv,,,,
A,73,T,117.07,flexible_residues.csv,,,,
A,74,L,105.9,flexible_residues.csv,,,,
A,75,T,105.2,flexible_residues.csv,,,,
A,93,S,106.83,flexible_residues.csv,,,,
A,94,L,107.36,flexible_residues.csv,,,,
A,95,H,118.71,flexible_residues.csv,,,,
A,96,G,123.18,flexible_residues.csv,,,,
A,97,S,127.38,flexible_residues.csv,,,,
A,98,E,125.85,flexible_residues.csv,,,,
A,99,A,112.37,flexible_residues.csv,,,,
A,100,D,110.42,flexible_residues.csv,,,,
B,1,G,147.95,flexible_residues.csv,,,,
B,2,H,145.68,flexible_residues.csv,,,,
B,3,N,128.71,flexible_residues.csv,,,,
B,4,T,115.53,flexible_residues.csv,,,,
B,5,T,105.32,flexible_residues.csv,,,,
B,18,S,102.51,flexible_residues.csv,,,,
B,19,C,107.41,flexible_residues.csv,,,,
B,20,P,111.97,flexible_residues.csv,,,,
B,21,Y,115.94,flexible_residues.csv,,,,
B,22,D,129.86,flexible_residues.csv,,,,
B,23,S,126.48,flexible_residues.csv,,,,
B,24,M,140.6,flexible_residues.csv,,,,
B,25,K,131.81,flexible_residues.csv,,,,
B,26,H,126.5,flexible_residues.csv,,,,
B,27,W,130.02,flexible_residues.csv,,,,
B,28,G,126.93,flexible_residues.csv,,,,
B,29,R,118.57,flexible_residues.csv,,,,
B,30,R,111.76,flexible_residues.csv,,,,
B,31,K,103.88,flexible_residues.csv,,,,
B,32,A,100.29,flexible_residues.csv,,,,
B,37,L,100.07,flexible_residues.csv,,,,
B,38,G,106.48,flexible_residues.csv,,,,
B,39,E,106.46,flexible_residues.csv,,,,
B,40,K,108.14,flexible_residues.csv,,,,
B,41,G,108.64,flexible_residues.csv,,,,
B,42,P,106.24,flexible_residues.csv,,,,
B,43,C,100.6,flexible_residues.csv,,,,
B,48,S,102.02,flexible_residues.csv,,,,
B,49,T,107.91,flexible_residues.csv,,,,
B,50,H,111.27,flexible_residues.csv,,,,
B,51,N,112.35,flexible_residues.csv,,,,
B,52,F,110.61,flexible_residues.csv,,,,
B,53,L,111.53,flexible_residues.csv,,,,
B,54,R,110.21,flexible_residues.csv,,,,
B,55,R,104.0,flexible_residues.csv,,,,
B,56,W,103.96,flexible_residues.csv,,,,
B,58,G,100.8,flexible_residues.csv,,,,
B,63,T,100.86,flexible_residues.csv,,,,
B,64,D,105.52,flexible_residues.csv,,,,
B,65,D,112.36,flexible_residues.csv,,,,
B,66,T,115.72,flexible_residues.csv,,,,
B,67,L,120.05,flexible_residues.csv,,,,
B,68,G,116.19,flexible_residues.csv,,,,
B,69,G,113.14,flexible_residues.csv,,,,
B,70,T,110.75,flexible_residues.csv,,,,
B,71,L,106.15,flexible_residues.csv,,,,
B,72,T,100.06,flexible_residues.csv,,,,
B,88,C,100.67,flexible_residues.csv,,,,
B,89,Q,104.47,flexible_residues.csv,,,,
B,90,S,113.79,flexible_residues.csv,,,,
B,91,L,117.28,flexible_residues.csv,,,,
B,92,H,124.62,flexible_residues.csv,,,,
B,93,G,130.7,flexible_residues.csv,,,,
B,94,S,133.52,flexible_residues.csv,,,,
B,95,E,132.63,flexible_residues.csv,,,,
B,96,A,117.99,flexible_residues.csv,,,,
B,97,D,114.41,flexible_residues.csv,,,,
B,98,T,110.3,flexible_residues.csv,,,,
B,99,L,108.68,flexible_residues.csv,,,,
B,100,R,103.38,flexible_residues.csv,,,,
B,101,K,104.8,flexible_residues.csv,,,,
C,3,Q,,,Deamidation hotspot,Mutate to E or A,instability_residues.csv,
C,11,L,,,Hydrophobic patch,Mutate to T or S,instability_residues.csv,
C,13,Q,,,Deamidation hotspot,Mutate to E or A,instability_residues.csv,
C,30,Y,,,Hydrophobic patch,Mutate to S or F,instability_residues.csv,
C,43,K,,,Protease site,Mutate to R,instability_residues.csv,
C,76,K,,,Protease site,Mutate to R,instability_residues.csv,
C,84,N,,,Deamidation hotspot,Mutate to D or A,instability_residues.csv,
C,107,N,,,Deamidation hotspot,Mutate to D or A,instability_residues.csv,
C,111,Y,,,Hydrophobic patch,Mutate to S or F,instability_residues.csv,
C,114,Q,,,Deamidation hotspot,Mutate to E or A,instability_residues.csv,
C,117,L,,,Hydrophobic patch,Mutate to T or S,instability_residues.csv,
C,121,S,102.62,flexible_residues.csv,,,,
C,122,S,112.54,flexible_residues.csv,,,,
C,123,S,118.03,flexible_residues.csv,,,,
C,124,D,114.78,flexible_residues.csv,,,,
C,125,I,105.04,flexible_residues.csv,,,,
C,126,Q,105.01,flexible_residues.csv,Deamidation hotspot,Mutate to E or A,instability_residues.csv,
C,135,S,102.75,flexible_residues.csv,,,,
C,136,A,104.9,flexible_residues.csv,,,,
C,137,S,107.78,flexible_residues.csv,,,,
C,138,V,105.76,flexible_residues.csv,,,,
C,139,G,109.38,flexible_residues.csv,,,,
C,140,D,106.38,flexible_residues.csv,,,,
C,141,R,107.95,flexible_residues.csv,,,,
C,149,S,104.68,flexible_residues.csv,,,,
C,150,Q,107.0,flexible_residues.csv,Deamidation hotspot,Mutate to E or A,instability_residues.csv,
C,151,S,100.26,flexible_residues.csv,,,,
C,152,I,100.8,flexible_residues.csv,,,,
C,153,S,102.24,flexible_residues.csv,,,,
C,154,S,101.73,flexible_residues.csv,,,,
C,155,Y,,,Hydrophobic patch,Mutate to S or F,instability_residues.csv,
C,160,Q,,,Deamidation hotspot,Mutate to E or A,instability_residues.csv,
C,162,K,,,Protease site,Mutate to R,instability_residues.csv,
C,165,K,,,Protease site,Mutate to R,instability_residues.csv,
C,168,K,,,Protease site,Mutate to R,instability_residues.csv,
C,172,Y,,,Hydrophobic patch,Mutate to S or F,instability_residues.csv,
C,177,L,,,Hydrophobic patch,Mutate to T or S,instability_residues.csv,
C,183,S,100.72,flexible_residues.csv,,,,
C,186,S,100.58,flexible_residues.csv,,,,
C,188,S,100.09,flexible_residues.csv,,,,
C,190,S,100.31,flexible_residues.csv,,,,
C,191,G,101.16,flexible_residues.csv,,,,
C,199,S,107.18,flexible_residues.csv,,,,
C,200,S,110.32,flexible_residues.csv,,,,
C,201,L,102.28,flexible_residues.csv,,,,
C,202,Q,105.51,flexible_residues.csv,Deamidation hotspot,Mutate to E or A,instability_residues.csv,
C,203,P,102.56,flexible_residues.csv,,,,
C,204,E,101.07,flexible_residues.csv,,,,
C,217,Y,,,Hydrophobic patch,Mutate to S or F,instability_residues.csv,
C,227,K,,,Protease site,Mutate to R,instability_residues.csv,
C,231,K,105.68,flexible_residues.csv,Protease site,Mutate to R,instability_residues.csv,
D,1,M,104.5,flexible_residues.csv,,,,
D,2,E,101.52,flexible_residues.csv,,,,
D,103,Y,100.81,flexible_residues.csv,,,,
D,124,S,110.3,flexible_residues.csv,,,,
D,125,D,109.05,flexible_residues.csv,,,,
D,126,I,101.67,flexible_residues.csv,,,,
D,138,S,104.48,flexible_residues.csv,,,,
D,139,V,103.5,flexible_residues.csv,,,,
D,140,G,110.33,flexible_residues.csv,,,,
D,141,D,108.2,flexible_residues.csv,,,,
D,142,R,110.75,flexible_residues.csv,,,,
D,181,G,100.33,flexible_residues.csv,,,,
D,182,V,100.64,flexible_residues.csv,,,,
D,183,P,101.11,flexible_residues.csv,,,,
D,187,S,101.07,flexible_residues.csv,,,,
D,198,T,100.79,flexible_residues.csv,,,,
D,200,S,108.18,flexible_residues.csv,,,,
D,201,S,110.33,flexible_residues.csv,,,,
D,202,L,101.54,flexible_residues.csv,,,,
D,203,Q,102.84,flexible_residues.csv,,,,
D,232,K,102.66,flexible_residues.csv,,,,
