chain,resnum,resname
A,155,ARG
A,79,ALA
A,78,ARG
A,131,ASN
A,485,ARG
A,602,ASN
A,606,ARG
A,685,LYS
A,282,GLU
A,620,THR
A,352,ASP
A,486,LEU
A,635,VAL
A,640,ILE
Y,18,DC
Y,20,DA
Y,21,DT
A,311,ARG
Y,13,DA
A,303,HIS
A,641,GLY
A,108,ARG
A,123,GLU
A,154,LYS
A,329,THR
A,350,ARG
A,521,GLU
A,253,ARG
Y,19,DT
A,330,PRO
A,331,THR
Y,22,DC
A,519,ASP
A,598,GLU
A,105,TYR
A,639,HIS
Y,24,DA
A,643,VAL
A,281,GLU
Y,17,DA
A,526,ARG
Y,15,DA
A,592,ARG
Y,25,DT
A,638,ARG
A,102,THR
A,637,ILE
A,103,GLY
A,127,SER
Y,23,DG
Y,14,DG
A,250,SER
A,487,TYR
A,591,ARG
A,596,THR
A,304,ALA
A,642,ARG
A,524,THR
A,625,HIS
A,251,THR
A,121,THR
A,595,GLU
A,305,GLY
A,351,PHE
A,76,PRO
A,527,LYS
Y,16,DG
A,104,ASP
A,124,LYS
A,106,GLU
A,77,LEU
A,645,ALA
A,644,ARG
A,599,TRP
A,525,VAL
A,252,ARG
