chain,resnum,resname,avg_bfactor
A,1,ASN,115.56
A,2,THR,107.74
A,16,SER,102.45
A,17,CYS,105.42
A,18,PRO,114.49
A,19,TYR,113.57
A,20,ASP,123.48
A,21,SER,123.33
A,22,MET,130.38
A,23,LYS,121.84
A,24,HIS,116.28
A,25,TRP,119.04
A,26,GLY,114.43
A,27,ARG,110.71
A,28,ARG,111.79
A,29,LYS,103.56
A,30,ALA,101.99
A,38,LYS,100.39
A,39,GLY,100.02
A,40,PRO,101.16
A,46,SER,105.19
A,47,THR,106.61
A,48,HIS,103.29
A,49,ASN,111.57
A,50,LEU,117.76
A,51,TRP,117.51
A,52,LEU,113.4
A,53,LEU,109.19
A,54,SER,110.75
A,55,PHE,112.41
A,56,LEU,108.9
A,57,ARG,102.82
A,65,ILE,103.37
A,66,THR,104.64
A,67,ASP,111.32
A,68,ASP,119.93
A,69,THR,116.11
A,70,LEU,125.62
A,71,GLY,121.94
A,72,GLY,119.48
A,73,THR,117.07
A,74,LEU,105.9
A,75,THR,105.2
A,93,SER,106.83
A,94,LEU,107.36
A,95,HIS,118.71
A,96,GLY,123.18
A,97,SER,127.38
A,98,GLU,125.85
A,99,ALA,112.37
A,100,ASP,110.42
B,1,GLY,147.95
B,2,HIS,145.68
B,3,ASN,128.71
B,4,THR,115.53
B,5,THR,105.32
B,18,SER,102.51
B,19,CYS,107.41
B,20,PRO,111.97
B,21,TYR,115.94
B,22,ASP,129.86
B,23,SER,126.48
B,24,MET,140.6
B,25,LYS,131.81
B,26,HIS,126.5
B,27,TRP,130.02
B,28,GLY,126.93
B,29,ARG,118.57
B,30,ARG,111.76
B,31,LYS,103.88
B,32,ALA,100.29
B,37,LEU,100.07
B,38,GLY,106.48
B,39,GLU,106.46
B,40,LYS,108.14
B,41,GLY,108.64
B,42,PRO,106.24
B,43,CYS,100.6
B,48,SER,102.02
B,49,THR,107.91
B,50,HIS,111.27
B,51,ASN,112.35
B,52,PHE,110.61
B,53,LEU,111.53
B,54,ARG,110.21
B,55,ARG,104.0
B,56,TRP,103.96
B,58,GLY,100.8
B,63,THR,100.86
B,64,ASP,105.52
B,65,ASP,112.36
B,66,THR,115.72
B,67,LEU,120.05
B,68,GLY,116.19
B,69,GLY,113.14
B,70,THR,110.75
B,71,LEU,106.15
B,72,THR,100.06
B,88,CYS,100.67
B,89,GLN,104.47
B,90,SER,113.79
B,91,LEU,117.28
B,92,HIS,124.62
B,93,GLY,130.7
B,94,SER,133.52
B,95,GLU,132.63
B,96,ALA,117.99
B,97,ASP,114.41
B,98,THR,110.3
B,99,LEU,108.68
B,100,ARG,103.38
B,101,LYS,104.8
C,121,SER,102.62
C,122,SER,112.54
C,123,SER,118.03
C,124,ASP,114.78
C,125,ILE,105.04
C,126,GLN,105.01
C,135,SER,102.75
C,136,ALA,104.9
C,137,SER,107.78
C,138,VAL,105.76
C,139,GLY,109.38
C,140,ASP,106.38
C,141,ARG,107.95
C,149,SER,104.68
C,150,GLN,107.0
C,151,SER,100.26
C,152,ILE,100.8
C,153,SER,102.24
C,154,SER,101.73
C,183,SER,100.72
C,186,SER,100.58
C,188,SER,100.09
C,190,SER,100.31
C,191,GLY,101.16
C,199,SER,107.18
C,200,SER,110.32
C,201,LEU,102.28
C,202,GLN,105.51
C,203,PRO,102.56
C,204,GLU,101.07
C,231,LYS,105.68
D,1,MET,104.5
D,2,GLU,101.52
D,103,TYR,100.81
D,124,SER,110.3
D,125,ASP,109.05
D,126,ILE,101.67
D,138,SER,104.48
D,139,VAL,103.5
D,140,GLY,110.33
D,141,ASP,108.2
D,142,ARG,110.75
D,181,GLY,100.33
D,182,VAL,100.64
D,183,PRO,101.11
D,187,SER,101.07
D,198,THR,100.79
D,200,SER,108.18
D,201,SER,110.33
D,202,LEU,101.54
D,203,GLN,102.84
D,232,LYS,102.66
