chain,resnum,resname,source_file_f1,avg_bfactor_f2,source_file_f2,instability_f3,mutate to..._f3,source_file_f3,source_file_f4,source_file_f5
A,1,M,,,,Oxidation-prone,Mutate to L or I,instability_residues.csv,,
A,2,K,,,,Protease site,Mutate to R,instability_residues.csv,,
A,6,L,,,,Hydrophobic patch,Mutate to T or S,instability_residues.csv,,
A,10,I,,,,Hydrophobic patch,Mutate to T or S,instability_residues.csv,,
A,13,Y,,,,Hydrophobic patch,Mutate to S or F,instability_residues.csv,,
A,17,I,,,,Hydrophobic patch,Mutate to T or S,instability_residues.csv,,
A,19,K,,,,Protease site,Mutate to R,instability_residues.csv,,
A,23,L,,,,Hydrophobic patch,Mutate to T or S,instability_residues.csv,,
A,24,F,,,,Hydrophobic patch,Mutate to S or Y,instability_residues.csv,,
A,27,Q,,,,Deamidation hotspot,Mutate to E or A,instability_residues.csv,manual_site_residues.csv,
A,38,K,,,,Protease site,Mutate to R,instability_residues.csv,,
A,44,M,,,,,,,manual_site_residues.csv,
A,45,P,,,,,,,manual_site_residues.csv,
A,46,T,,,,,,,manual_site_residues.csv,
A,47,A,,,,,,,manual_site_residues.csv,
A,48,A,,,,,,,manual_site_residues.csv,
A,49,G,,,,,,,manual_site_residues.csv,
A,50,K,,,,,,,manual_site_residues.csv,
A,51,T,,,,,,,manual_site_residues.csv,
A,64,K,,,,Protease site,Mutate to R,instability_residues.csv,,
A,73,P,dna_contact_residues.csv,,,,,,,
A,74,L,dna_contact_residues.csv,,,,,,,
A,75,R,dna_contact_residues.csv,,,,,,,
A,76,A,dna_contact_residues.csv,,,,,,,
A,90,K,,,,Protease site,Mutate to R,instability_residues.csv,,
A,99,T,dna_contact_residues.csv,,,,,,,
A,100,G,dna_contact_residues.csv,,,,,,,
A,101,D,dna_contact_residues.csv,,,,,,,
A,102,Y,dna_contact_residues.csv,,,Hydrophobic patch,Mutate to S or F,instability_residues.csv,,
A,103,E,dna_contact_residues.csv,,,,,,,
A,105,R,dna_contact_residues.csv,,,,,,,
A,118,T,dna_contact_residues.csv,,,,,,,
A,120,E,dna_contact_residues.csv,,,,,,,
A,121,K,dna_contact_residues.csv,,,,,,,
A,124,S,dna_contact_residues.csv,,,,,,,
A,128,N,dna_contact_residues.csv,,,,,,,
A,134,K,,,,Protease site,Mutate to R,instability_residues.csv,,
A,151,K,dna_contact_residues.csv,,,,,,,
A,152,R,dna_contact_residues.csv,,,,,,,
A,168,K,,,,Protease site,Mutate to R,instability_residues.csv,,
A,193,Y,,,,Hydrophobic patch,Mutate to S or F,instability_residues.csv,,
A,220,F,,,,Hydrophobic patch,Mutate to S or Y,instability_residues.csv,,
A,227,K,,,,Protease site,Mutate to R,instability_residues.csv,,
A,247,S,dna_contact_residues.csv,,,,,,,
A,248,T,dna_contact_residues.csv,,,,,,,
A,249,R,dna_contact_residues.csv,,,,,,,
A,250,R,dna_contact_residues.csv,,,,,,,
A,254,K,dna_contact_residues.csv,,,,,,,
A,258,K,,,,Protease site,Mutate to R,instability_residues.csv,,
A,265,K,,,,Protease site,Mutate to R,instability_residues.csv,,
A,266,Y,,,,Hydrophobic patch,Mutate to S or F,instability_residues.csv,,
A,274,K,,,,Protease site,Mutate to R,instability_residues.csv,,
A,278,E,dna_contact_residues.csv,,,,,,,
A,279,E,dna_contact_residues.csv,,,,,,,
A,287,K,,,,Protease site,Mutate to R,instability_residues.csv,,
A,294,K,,,,Protease site,Mutate to R,instability_residues.csv,,
A,300,H,dna_contact_residues.csv,,,,,,,
A,301,A,dna_contact_residues.csv,,,,,,,
A,302,G,dna_contact_residues.csv,,,,,,,
A,305,N,,,,Deamidation hotspot,Mutate to D or A,instability_residues.csv,,
A,308,R,dna_contact_residues.csv,,,,,,,
A,326,T,dna_contact_residues.csv,,,,,,,
A,327,P,dna_contact_residues.csv,,,,,,,
A,328,T,dna_contact_residues.csv,,,,,,,
A,334,N,,,,Deamidation hotspot,Mutate to D or A,instability_residues.csv,,
A,346,Y,dna_contact_residues.csv,,,,,,,
A,347,R,dna_contact_residues.csv,,,,,,,
A,348,F,dna_contact_residues.csv,,,,,,,
A,349,D,dna_contact_residues.csv,,,,,,,
A,351,Y,dna_contact_residues.csv,,,,,,,
A,352,S,dna_contact_residues.csv,,,,,,,
A,353,K,dna_contact_residues.csv,,,Protease site,Mutate to R,instability_residues.csv,,
A,354,R,dna_contact_residues.csv,,,,,,,
A,356,K,,,,Protease site,Mutate to R,instability_residues.csv,,
A,372,M,,,,Oxidation-prone,Mutate to L or I,instability_residues.csv,,
A,381,I,,,,Hydrophobic patch,Mutate to T or S,instability_residues.csv,,
A,384,K,,,,Protease site,Mutate to R,instability_residues.csv,,
A,385,R,dna_contact_residues.csv,,,,,,,
A,389,I,,,,Hydrophobic patch,Mutate to T or S,instability_residues.csv,,
A,392,K,,,,Protease site,Mutate to R,instability_residues.csv,,
A,426,K,,,,Protease site,Mutate to R,instability_residues.csv,,
A,442,K,,,,Protease site,Mutate to R,instability_residues.csv,,
A,444,N,,,,Deamidation hotspot,Mutate to D or A,instability_residues.csv,,
A,446,I,,,,Hydrophobic patch,Mutate to T or S,instability_residues.csv,,
A,450,Y,,,,Hydrophobic patch,Mutate to S or F,instability_residues.csv,,
A,458,Q,,,,Deamidation hotspot,Mutate to E or A,instability_residues.csv,,
A,461,N,,,,Deamidation hotspot,Mutate to D or A,instability_residues.csv,,
A,475,K,,,,Protease site,Mutate to R,instability_residues.csv,,
A,482,R,dna_contact_residues.csv,,,,,,,
A,483,L,dna_contact_residues.csv,,,,,,,
A,484,Y,dna_contact_residues.csv,,,,,,,
A,488,L,,,,Hydrophobic patch,Mutate to T or S,instability_residues.csv,,
A,516,D,dna_contact_residues.csv,,,,,,,
A,518,E,dna_contact_residues.csv,,,,,,,
A,521,T,dna_contact_residues.csv,,,,,,,
A,522,V,dna_contact_residues.csv,,,,,,,
A,523,R,dna_contact_residues.csv,,,,,,,
A,524,K,dna_contact_residues.csv,,,,,,,
A,534,F,,,,Hydrophobic patch,Mutate to S or Y,instability_residues.csv,,
A,538,K,,,,Protease site,Mutate to R,instability_residues.csv,,
A,543,Y,,,,Hydrophobic patch,Mutate to S or F,instability_residues.csv,,
A,547,F,,,,Hydrophobic patch,Mutate to S or Y,instability_residues.csv,,
A,553,W,,,,Hydrophobic patch,Mutate to F or Y,instability_residues.csv,,
A,588,R,dna_contact_residues.csv,,,,,,,
A,589,R,dna_contact_residues.csv,,,,,,,
A,592,E,dna_contact_residues.csv,,,,,,,
A,593,T,dna_contact_residues.csv,,,,,,,
A,595,E,dna_contact_residues.csv,,,,,,,
A,596,W,dna_contact_residues.csv,,,,,,,
A,599,N,dna_contact_residues.csv,,,,,,,
A,603,R,dna_contact_residues.csv,,,,,,,
A,617,T,dna_contact_residues.csv,,,,,,,
A,621,K,,,,Protease site,Mutate to R,instability_residues.csv,,
A,622,H,dna_contact_residues.csv,,,,,,,
A,625,K,,,,Protease site,Mutate to R,instability_residues.csv,,
A,632,V,dna_contact_residues.csv,,,,,,,
A,634,I,dna_contact_residues.csv,,,,,,,
A,635,R,dna_contact_residues.csv,,,,,,,
A,636,H,dna_contact_residues.csv,,,,,,,
A,637,I,dna_contact_residues.csv,,,,,,,
A,638,G,dna_contact_residues.csv,,,,,,,
A,639,R,dna_contact_residues.csv,,,,,,,
A,640,V,dna_contact_residues.csv,,,,,,,
A,641,R,dna_contact_residues.csv,,,,,,,
A,642,A,dna_contact_residues.csv,,,,,,,
A,644,K,,,,Protease site,Mutate to R,instability_residues.csv,,
A,647,N,,,,Deamidation hotspot,Mutate to D or A,instability_residues.csv,,
A,662,K,,,,Protease site,Mutate to R,instability_residues.csv,,
A,666,L,,,,Hydrophobic patch,Mutate to T or S,instability_residues.csv,,
A,671,I,,,,Hydrophobic patch,Mutate to T or S,instability_residues.csv,,
A,682,K,dna_contact_residues.csv,,,Protease site,Mutate to R,instability_residues.csv,,
